{
  "weights": [
    [
      0.9013051039220448, 
      0.38650141386423104, 
      0.5788565921774899, 
      0.03820245614953577, 
      0.2749420811827845, 
      0.5745710565370072, 
      0.6478544731907244, 
      0.18787630659636853, 
      0.7904040523950571, 
      0.6641754266726995, 
      0.9625757849800288, 
      0.45133874254465, 
      0.16962116752353865, 
      0.33698367689074454, 
      0.5480029550103229, 
      0.8811479987069794, 
      0.015304317635778733, 
      0.594219968234741, 
      -0.03443337725816468, 
      0.5948059633825807, 
      0.4972090999935463, 
      0.014996399006016299, 
      0.18512268606800417, 
      0.6307942679417763, 
      0.9966836979075504, 
      0.98726163982207, 
      0.7618285086185119, 
      0.09021370333160897, 
      0.3961621237545842, 
      0.9210396124200595
    ]
  ], 
  "payoff": 99.09063337931994
}