{
  "weights": [
    [
      -3.19532471401639e-05, 
      0.7237665856224236, 
      9.629293532458175e-06, 
      0.5540906821963572, 
      8.633337257635319e-06, 
      3.2278709697515746e-05, 
      1.532011282074825e-20, 
      5.950876486205413e-07, 
      0.6733290847158381, 
      0.7722509247993871, 
      9.629293532608771e-06, 
      0.025387991692763043, 
      3.2308644377018544e-05, 
      0.4856944450767554, 
      0.9915328452876835, 
      -0.0027041065863585437, 
      0.8502971278073215, 
      0.06216323343092898, 
      -0.17410381392955437, 
      0.5849142798065946, 
      0.6908206515223032, 
      0.7807585833688196, 
      -0.0004110558450731659, 
      -0.0011883369953173207, 
      -0.0013131132794782553, 
      0.4452478641129859, 
      0.7941259682271873, 
      -0.0008603047240703793, 
      -0.0008603047240703793, 
      0.5712586253793938
    ]
  ], 
  "payoff": 86.91017479659658
}