{
  "weights": [
    [
      0.9475279337909087, 
      0.16310679182205612, 
      0.1867610127257884, 
      0.06514780729550074, 
      0.017156758411361103, 
      0.530256658052797, 
      0.5113961146265842, 
      0.021178794736706415, 
      0.14337462264554202, 
      0.14613605707315008, 
      0.9353931174536672, 
      0.2777002962332419, 
      0.8522182568072737, 
      0.8142378797648859, 
      0.8305706679285458, 
      0.8281364817772727, 
      0.5250464746820118, 
      0.2453984857168539, 
      -0.8545678794637314, 
      0.3552710848182851, 
      0.21250730597033532, 
      1.3476495662335684, 
      0.4123910044220612, 
      0.6536265476496143, 
      0.3908621290543972, 
      0.48735637264983545, 
      0.35544956616296375, 
      0.1256760404255364, 
      0.8593225791528344, 
      0.8977563128877135
    ]
  ], 
  "payoff": 402.23416301155135
}