{
  "weights": [
    [
      0.9002075291378485, 
      -1.3136724776996846e-05, 
      0.5038425247527482, 
      0.0, 
      0.35510507218273724, 
      0.7212160620920147, 
      8.556338923806054e-22, 
      0.37795661852443113, 
      2.0064048110976912e-07, 
      -1.4363472350289432e-05, 
      1.7095747305802463e-06, 
      1.3681499120371971e-06, 
      -1.5945813140072795e-06, 
      0.888235438160405, 
      0.0, 
      -0.00022824962338175768, 
      0.5846624632872808, 
      0.5201577086084381, 
      -0.027750274434575787, 
      0.534593721901065, 
      0.392341315102821, 
      0.11775394031131778, 
      -1.7279690668917872e-05, 
      -0.00012014862244093206, 
      0.7942939515902416, 
      -0.000203610251812201, 
      0.4276958567810164, 
      0.8685327584385105, 
      -0.0001510061149819214, 
      0.8359081820216895
    ]
  ], 
  "payoff": 5.391137641167508
}