{
  "weights": [
    [
      0.31082924410766377, 
      0.13053275625232158, 
      0.09578610442266913, 
      0.29093969623005167, 
      0.44536957069406635, 
      0.2379845916809053, 
      0.4634108397696648, 
      0.05680748787606482, 
      0.5021220381599119, 
      0.827658505605236, 
      0.1441094168970282, 
      0.17873495292964015, 
      0.8938813716554022, 
      0.2525423011200484, 
      0.28635079172855316, 
      0.04648627565271832, 
      0.4036671108813863, 
      0.8975104425595272, 
      0.7997885040436787, 
      0.32273571989329364, 
      0.05454006839020642, 
      0.621427439111138, 
      0.498491202060606, 
      0.37966703359246035, 
      0.4553383952731301, 
      0.5172267433426904, 
      0.6012061346171754, 
      0.5275762809804276, 
      0.9844518515685668, 
      0.5785335277866828
    ]
  ], 
  "payoff": 356.6342864359604
}