{
  "weights": [
    [
      -7.743544745018998e-05, 
      7.591906569359809e-05, 
      0.49937648664054995, 
      0.0, 
      -1.871391450452471e-08, 
      9.380428319958826e-05, 
      3.589777412680389e-21, 
      4.492298565159162e-07, 
      1.786740864931631e-05, 
      4.9472647452642535e-05, 
      4.548492742014344e-05, 
      -5.170676451735328e-07, 
      0.00015921709906719167, 
      0.29813872508663, 
      0.0, 
      0.22700784070076968, 
      0.0020292678966292656, 
      0.00011196574267659452, 
      -0.059836852293742006, 
      0.09734335116175612, 
      0.092893870403017, 
      0.07597768288929238, 
      -2.4975275423789353e-05, 
      0.0002458459099778688, 
      0.00041541044851083796, 
      0.00039348550120757133, 
      0.0003117922638652999, 
      0.0002475822500878445, 
      0.0002475822500878445, 
      0.004507130439618239
    ]
  ], 
  "payoff": 33.94348641360734
}