{
  "weights": [
    [
      0.0016080978345859563, 
      -0.09807208012188533, 
      0.21997186340056055, 
      0.0, 
      4.6367410217808125e-10, 
      -0.0016080973709118606, 
      0.0, 
      3.1964403731096535e-11, 
      4.6367410217770457e-10, 
      -0.18395634112366893, 
      5.100470305604009e-09, 
      4.6367410217808125e-10, 
      -0.019775434944130164, 
      3.981693044813511e-12, 
      0.0, 
      4.738335153695604e-08, 
      4.738335153695604e-08, 
      3.266476543265129e-09, 
      -0.49039050775767307, 
      0.8925850735640899, 
      -0.7141245616353497, 
      4.738335153695604e-08, 
      4.738335153695604e-08, 
      0.0, 
      -0.002239482989463643, 
      4.738335153695604e-08, 
      0.8961285786868611, 
      -0.0016080504512344252, 
      -0.0016080504512344252, 
      0.0067383879416311
    ]
  ], 
  "payoff": 427.4040150117838
}