{
  "weights": [
    [
      1.076172000979352, 
      -0.39581765147123965, 
      -0.019797172861954638, 
      0.0, 
      -0.007100786566077725, 
      -0.26785939112355006, 
      -4.319689765325367e-16, 
      -0.0007353364758243538, 
      -0.004768008374394373, 
      -0.4874836579942455, 
      -0.019797173340668845, 
      -0.007849946714254367, 
      -0.276381763130041, 
      0.8239540161566435, 
      0.0, 
      -0.005088351381655606, 
      -0.005520175120395662, 
      -0.0005211845003001656, 
      -0.49364987462424115, 
      -0.013260811765197623, 
      -0.7045168521426273, 
      0.003761960165760514, 
      -0.003973014176011049, 
      -0.0008414759522901088, 
      -0.26056435520481563, 
      -0.005088350783402972, 
      0.9585495456308105, 
      -0.2659953934189031, 
      -0.2659953934189031, 
      -0.006195457120677467
    ]
  ], 
  "payoff": 234.55251311151778
}