{
  "weights": [
    [
      0.033966089197653086, 
      0.0556525520664932, 
      0.06467594758465403, 
      0.0, 
      0.0023704480737866173, 
      0.0010012448564471418, 
      2.4011263594497217e-13, 
      0.0001269260599181286, 
      0.024440551250815325, 
      0.05103178959370555, 
      0.050988427188949866, 
      0.002389000158120736, 
      0.0494465186017155, 
      6.270076386851651e-05, 
      0.0, 
      0.0006312767233344707, 
      0.006525444763366331, 
      0.00035514636057669765, 
      0.04199891495763983, 
      0.13286905894681406, 
      0.11518060845878125, 
      0.10774217982536771, 
      0.0008167832937422147, 
      -3.3126305982921225e-05, 
      0.0018084400999611267, 
      0.0009776151791838494, 
      0.001149829285914062, 
      0.0005881130090053244, 
      0.0005881130090053244, 
      0.0045042787023972415
    ]
  ], 
  "payoff": 14.873543299881437
}