{
  "weights": [
    [
      0.6586441381503734, 
      0.0, 
      0.38297586274646644, 
      0.43207144440954404, 
      0.0, 
      0.0, 
      0.0, 
      0.0, 
      0.0, 
      0.0, 
      0.0, 
      0.0, 
      0.8311663318266294, 
      0.6782181830489369, 
      0.7294534122375484, 
      0.6400750543869143, 
      0.8854393836074861, 
      0.11116991341256222, 
      0.2513719938165888, 
      0.06390800290483867, 
      0.9039375590405739, 
      0.0, 
      0.0, 
      0.0, 
      0.6190817557471259, 
      0.0, 
      0.0, 
      0.7035624474964897, 
      0.0, 
      0.3261442070389299
    ]
  ], 
  "payoff": 0.28068333702644466
}