{
  "weights": [
    [
      0.05275052256586717, 
      0.06081498225644347, 
      0.10879413120681508, 
      0.0, 
      0.44848652278726586, 
      -0.004947635849752436, 
      -1.6457081530017331e-24, 
      0.0001514882634732143, 
      0.2119880571548055, 
      0.025326414595714976, 
      0.10879413508958703, 
      0.0021978493465715067, 
      0.10009906221521804, 
      9.884450164593565e-05, 
      0.0, 
      0.0012050961158231778, 
      0.0008227926060737295, 
      0.8153930495725156, 
      -0.3247299819065305, 
      -0.006522609560110774, 
      -0.33961393347388114, 
      0.9198489323419174, 
      -0.0017784342611503793, 
      -0.0001271902964606129, 
      0.5920299971207443, 
      0.7155324135146843, 
      0.41338801124021995, 
      -0.005867332024343776, 
      -0.005867332024343776, 
      0.007072894895515278
    ]
  ], 
  "payoff": 463.2715172520645
}