{"distributions": [{"type": "GA_Profile", "data": {"ATT": {"periodicMax-0.1": 0.9982966242, "periodic-1": 0.0017033758}, "DEF": {"controlN-3_0.001_1": 0.7977285376, "learner-1_0.8_1": 0.2022714624}}, "payoffs": {"ATT": {"payoff": 558.9199355511823}, "DEF": {"payoff": 3.2428015232778984}}}, {"type": "GA_Profile", "data": {"ATT": {"periodicMax-0.1": 0.9985990744, "periodic-1": 0.0014009256}, "DEF": {"controlN-3_0.001_1": 0.4516163733, "No-Op": 0.5483836267}}, "payoffs": {"ATT": {"payoff": 824.6265663227643}, "DEF": {"payoff": 3.2184563133366573}}}, {"type": "GA_Profile", "data": {"ATT": {"periodicMax-0.1": 1.0}, "DEF": {"No-Op": 1.0}}, "payoffs": {"ATT": {"payoff": 968.420048043}, "DEF": {"payoff": 3.16661862349}}}]}