{
  "weights": [
    [
      -6.506947290739969, 
      -27.811728764255303, 
      -46.77558477737805, 
      0.3801312371720176, 
      -0.6557075194290356, 
      0.17947539674429044, 
      0.3707983352764095, 
      0.5410730575255198, 
      -11.663399329529128, 
      -60.85228583654557, 
      -54.384315395068235, 
      -0.13929926794534853, 
      -4.424630585946536, 
      -0.015474809291861473, 
      0.0, 
      -0.15233062239461276, 
      -1.023542237102544, 
      -0.06746621264752493, 
      -156.39776574143326, 
      -76.60582191594385, 
      -122.9147005463164, 
      -10.460926356926189, 
      0.6217008435382786, 
      -0.18837203651744938, 
      -0.3706025218997698, 
      0.4077149298562955, 
      -0.03716466555247331, 
      -0.42835150243527886, 
      -0.42835150243527886, 
      1.6992918968841304
    ]
  ], 
  "payoff": 184.59055203184565
}