{
  "weights": [
    [
      0.0, 
      0.0, 
      0.0, 
      0.0, 
      0.0, 
      0.0, 
      0.0, 
      0.0, 
      0.0, 
      0.0, 
      0.15619043845520886, 
      0.0, 
      0.0, 
      0.5912221372405206, 
      0.0, 
      0.0, 
      0.0, 
      0.6636161021784419, 
      0.0, 
      0.0, 
      0.0, 
      0.47132392257634204, 
      0.0, 
      0.6836541393829842, 
      0.5718735675210526, 
      0.0, 
      0.0, 
      0.0, 
      0.0, 
      0.8390477878408981
    ]
  ], 
  "payoff": 297.76424529916346
}