{
  "weights": [
    [
      0.5293161149433904, 
      0.6579189902426038, 
      0.9459745024995639, 
      0.610147694017337, 
      0.788620930329089, 
      0.543302751915528, 
      0.2647260224810284, 
      0.8076972914912014, 
      0.00419952224884039, 
      0.13799581852697562, 
      0.09273569273681193, 
      0.5714072549484563, 
      0.23322888720665086, 
      0.2696301502171612, 
      0.6939102766780628, 
      0.14794693293300543, 
      0.49959462446624286, 
      0.1992404794970934, 
      0.10851714080497929, 
      0.8862298250838172, 
      0.5749658352377359, 
      0.014511074213745494, 
      0.5205105237134264, 
      0.3348507668477667, 
      0.5513699867195675, 
      0.11038622322247957, 
      0.5524103845264856, 
      0.24868066513638576, 
      0.7075755058706024, 
      0.34529419555436025
    ]
  ], 
  "payoff": 0.9021242220876236
}